language,wer,cer,clips
ncx,0.1539578794480755,0.06257175660160735,345
