{
  "new_evaluations": {},
  "new_tau_sweeps": {},
  "new_morpheme_f1": {
    "joint_adapter_on_sei": {
      "language": "sei",
      "n_examples": 452,
      "token_f1_before": 0.44079740648938265,
      "token_f1_after": 0.4490815369750475,
      "token_f1_delta": 0.008284130485664842,
      "boundary_f1_before": 0.4101312915135539,
      "boundary_f1_after": 0.43398223578095685,
      "boundary_f1_delta": 0.023850944267402974,
      "n_improved": 96,
      "n_regressed": 70,
      "n_unchanged": 286
    },
    "joint_adapter_on_ncx": {
      "language": "ncx",
      "n_examples": 345,
      "token_f1_before": 0.49644451654716953,
      "token_f1_after": 0.5166746556642792,
      "token_f1_delta": 0.020230139117109636,
      "boundary_f1_before": 0.5404469457545242,
      "boundary_f1_after": 0.5740543788383335,
      "boundary_f1_delta": 0.03360743308380931,
      "n_improved": 69,
      "n_regressed": 49,
      "n_unchanged": 227
    },
    "seed_ncx_seed13_baseline": {
      "language": "ncx",
      "n_examples": 345,
      "token_f1_before": 0.5784665178938503,
      "token_f1_after": 0.5784665178938503,
      "token_f1_delta": 0.0,
      "boundary_f1_before": 0.6124025153590371,
      "boundary_f1_after": 0.6124025153590371,
      "boundary_f1_delta": 0.0,
      "n_improved": 0,
      "n_regressed": 0,
      "n_unchanged": 345
    },
    "seed_ncx_seed42_baseline": {
      "language": "ncx",
      "n_examples": 345,
      "token_f1_before": 0.5819975253340093,
      "token_f1_after": 0.5819975253340093,
      "token_f1_delta": 0.0,
      "boundary_f1_before": 0.6257475294431816,
      "boundary_f1_after": 0.6257475294431816,
      "boundary_f1_delta": 0.0,
      "n_improved": 0,
      "n_regressed": 0,
      "n_unchanged": 345
    },
    "seed_sei_seed13_baseline": {
      "language": "sei",
      "n_examples": 452,
      "token_f1_before": 0.5395734651213703,
      "token_f1_after": 0.5395734651213703,
      "token_f1_delta": 0.0,
      "boundary_f1_before": 0.4786950833477689,
      "boundary_f1_after": 0.4786950833477689,
      "boundary_f1_delta": 0.0,
      "n_improved": 0,
      "n_regressed": 0,
      "n_unchanged": 452
    },
    "seed_sei_seed42_baseline": {
      "language": "sei",
      "n_examples": 452,
      "token_f1_before": 0.5147730143169406,
      "token_f1_after": 0.5147730143169406,
      "token_f1_delta": 0.0,
      "boundary_f1_before": 0.4612848319537663,
      "boundary_f1_after": 0.4612848319537663,
      "boundary_f1_delta": 0.0,
      "n_improved": 0,
      "n_regressed": 0,
      "n_unchanged": 452
    }
  },
  "existing": {
    "min": {
      "joint_adapter_on_sei_metrics": {
        "adapter": "/part/01/Tmp/soobenve/min_experiments/joint_adapter/adapter",
        "language": "sei",
        "wer": 0.6325855093784479,
        "cer": 0.18704111600587373,
        "clips": 452
      },
      "joint_adapter_on_sei_sweep": {
        "language": "sei",
        "tokens_file": "/part/01/Tmp/soobenve/min_experiments/evals/joint_adapter_on_sei/test_tokens.jsonl",
        "vocab_size": 1886,
        "baseline_wer": 0.6325855093784479,
        "baseline_cer": 0.16494991830645733,
        "max_edit_dist": 2,
        "sweep": [
          {
            "threshold": 0.0,
            "wer_before": 0.6325855093784479,
            "wer_after": 0.6325855093784479,
            "wer_delta": 0.0,
            "cer_before": 0.16494991830645733,
            "cer_after": 0.16494991830645733,
            "cer_delta": 0.0,
            "n_candidates": 0,
            "n_words": 2649,
            "n_rewritten": 0
          },
          {
            "threshold": 0.3,
            "wer_before": 0.6325855093784479,
            "wer_after": 0.6289076866495035,
            "wer_delta": -0.0036778227289444576,
            "cer_before": 0.16494991830645733,
            "cer_after": 0.16963841727640833,
            "cer_delta": 0.004688498969950994,
            "n_candidates": 212,
            "n_words": 2649,
            "n_rewritten": 105
          },
          {
            "threshold": 0.5,
            "wer_before": 0.6325855093784479,
            "wer_after": 0.6200809121000368,
            "wer_delta": -0.012504597278411134,
            "cer_before": 0.16494991830645733,
            "cer_after": 0.18256730837536406,
            "cer_delta": 0.017617390068906724,
            "n_candidates": 738,
            "n_words": 2649,
            "n_rewritten": 374
          },
          {
            "threshold": 0.7,
            "wer_before": 0.6325855093784479,
            "wer_after": 0.6149319602795146,
            "wer_delta": -0.017653549098933352,
            "cer_before": 0.16494991830645733,
            "cer_after": 0.19748525964338992,
            "cer_delta": 0.03253534133693259,
            "n_candidates": 1340,
            "n_words": 2649,
            "n_rewritten": 638
          },
          {
            "threshold": 1.0,
            "wer_before": 0.6325855093784479,
            "wer_after": 0.6189775652813534,
            "wer_delta": -0.013607944097094538,
            "cer_before": 0.16494991830645733,
            "cer_after": 0.21098245364779428,
            "cer_delta": 0.046032535341336944,
            "n_candidates": 2649,
            "n_words": 2649,
            "n_rewritten": 895
          }
        ]
      },
      "joint_adapter_on_ncx_metrics": {
        "adapter": "/part/01/Tmp/soobenve/min_experiments/joint_adapter/adapter",
        "language": "ncx",
        "wer": 0.6685962373371924,
        "cer": 0.17315583112975289,
        "clips": 345
      },
      "joint_adapter_on_ncx_sweep": {
        "language": "ncx",
        "tokens_file": "/part/01/Tmp/soobenve/min_experiments/evals/joint_adapter_on_ncx/test_tokens.jsonl",
        "vocab_size": 772,
        "baseline_wer": 0.6685962373371924,
        "baseline_cer": 0.1569989929506546,
        "max_edit_dist": 2,
        "sweep": [
          {
            "threshold": 0.0,
            "wer_before": 0.6685962373371924,
            "wer_after": 0.6685962373371924,
            "wer_delta": 0.0,
            "cer_before": 0.1569989929506546,
            "cer_after": 0.1569989929506546,
            "cer_delta": 0.0,
            "n_candidates": 0,
            "n_words": 1382,
            "n_rewritten": 0
          },
          {
            "threshold": 0.3,
            "wer_before": 0.6685962373371924,
            "wer_after": 0.6635311143270622,
            "wer_delta": -0.005065123010130179,
            "cer_before": 0.1569989929506546,
            "cer_after": 0.15709969788519637,
            "cer_delta": 0.00010070493454178431,
            "n_candidates": 138,
            "n_words": 1382,
            "n_rewritten": 35
          },
          {
            "threshold": 0.5,
            "wer_before": 0.6685962373371924,
            "wer_after": 0.6555716353111433,
            "wer_delta": -0.013024602026049159,
            "cer_before": 0.1569989929506546,
            "cer_after": 0.16173212487411884,
            "cer_delta": 0.004733131923464251,
            "n_candidates": 413,
            "n_words": 1382,
            "n_rewritten": 133
          },
          {
            "threshold": 0.7,
            "wer_before": 0.6685962373371924,
            "wer_after": 0.6476121562952243,
            "wer_delta": -0.02098408104196814,
            "cer_before": 0.1569989929506546,
            "cer_after": 0.16787512588116818,
            "cer_delta": 0.010876132930513593,
            "n_candidates": 763,
            "n_words": 1382,
            "n_rewritten": 274
          },
          {
            "threshold": 1.0,
            "wer_before": 0.6685962373371924,
            "wer_after": 0.6526772793053546,
            "wer_delta": -0.01591895803183785,
            "cer_before": 0.1569989929506546,
            "cer_after": 0.17502517623363545,
            "cer_delta": 0.018026183282980862,
            "n_candidates": 1382,
            "n_words": 1382,