{
  "new_evaluations": {},
  "new_tau_sweeps": {},
  "new_morpheme_f1": {
    "sei_ref_on_ncx": {
      "language": "ncx",
      "n_examples": 345,
      "token_f1_before": 0.040485609083222046,
      "token_f1_after": 0.1204177368149388,
      "token_f1_delta": 0.07993212773171675,
      "boundary_f1_before": 0.17681707365508803,
      "boundary_f1_after": 0.22786161947848824,
      "boundary_f1_delta": 0.051044545823400206,
      "n_improved": 118,
      "n_regressed": 5,
      "n_unchanged": 222
    },
    "ncx_ref_on_sei": {
      "language": "sei",
      "n_examples": 452,
      "token_f1_before": 0.005587377612296103,
      "token_f1_after": 0.041710243304360836,
      "token_f1_delta": 0.036122865692064736,
      "boundary_f1_before": 0.13426856474942517,
      "boundary_f1_after": 0.15298669397096157,
      "boundary_f1_delta": 0.0187181292215364,
      "n_improved": 73,
      "n_regressed": 2,
      "n_unchanged": 377
    },
    "joint_adapter_on_sei": {
      "language": "sei",
      "n_examples": 452,
      "token_f1_before": 0.44079740648938265,
      "token_f1_after": 0.4490815369750475,
      "token_f1_delta": 0.008284130485664842,
      "boundary_f1_before": 0.4101312915135539,
      "boundary_f1_after": 0.43398223578095685,
      "boundary_f1_delta": 0.023850944267402974,
      "n_improved": 96,
      "n_regressed": 70,
      "n_unchanged": 286
    },
    "joint_upsampled_on_ncx": {
      "language": "ncx",
      "n_examples": 345,
      "token_f1_before": 0.4996863633419844,
      "token_f1_after": 0.5112424103895248,
      "token_f1_delta": 0.011556047047540374,
      "boundary_f1_before": 0.5577929156190026,
      "boundary_f1_after": 0.5654711954711955,
      "boundary_f1_delta": 0.007678279852192937,
      "n_improved": 74,
      "n_regressed": 53,
      "n_unchanged": 218
    },
    "seed_ncx_seed42_baseline": {
      "language": "ncx",
      "n_examples": 345,
      "token_f1_before": 0.5819975253340093,
      "token_f1_after": 0.5819975253340093,
      "token_f1_delta": 0.0,
      "boundary_f1_before": 0.6257475294431816,
      "boundary_f1_after": 0.6257475294431816,
      "boundary_f1_delta": 0.0,
      "n_improved": 0,
      "n_regressed": 0,
      "n_unchanged": 345
    },
    "ncx_seed7_on_ncx": {
      "language": "ncx",
      "n_examples": 345,
      "token_f1_before": 0.5401339954920518,
      "token_f1_after": 0.5348634391089634,
      "token_f1_delta": -0.005270556383088376,
      "boundary_f1_before": 0.5915595536762585,
      "boundary_f1_after": 0.5996662486593837,
      "boundary_f1_delta": 0.008106694983125218,
      "n_improved": 56,
      "n_regressed": 61,
      "n_unchanged": 228
    },
    "ncx_ref_on_ncx": {
      "language": "ncx",
      "n_examples": 345,
      "token_f1_before": 0.5433024920050794,
      "token_f1_after": 0.5421058861637499,
      "token_f1_delta": -0.0011966058413295233,
      "boundary_f1_before": 0.5779437338260868,
      "boundary_f1_after": 0.5868469789185902,
      "boundary_f1_delta": 0.008903245092503398,
      "n_improved": 64,
      "n_regressed": 60,
      "n_unchanged": 221
    },
    "sei_seed7_on_sei": {
      "language": "sei",
      "n_examples": 452,
      "token_f1_before": 0.4857384882901776,
      "token_f1_after": 0.4801699661136804,
      "token_f1_delta": -0.00556852217649717,
      "boundary_f1_before": 0.4400772387928841,
      "boundary_f1_after": 0.4494777253056247,
      "boundary_f1_delta": 0.009400486512740613,
      "n_improved": 83,
      "n_regressed": 90,
      "n_unchanged": 279
    },
    "sei_ref_on_sei": {
      "language": "sei",
      "n_examples": 452,
      "token_f1_before": 0.4720620408563808,
      "token_f1_after": 0.46833996057087085,
      "token_f1_delta": -0.0037220802855099655,
      "boundary_f1_before": 0.4166705647775514,
      "boundary_f1_after": 0.43541441802868563,
      "boundary_f1_delta": 0.018743853251134257,
      "n_improved": 84,
      "n_regressed": 81,
      "n_unchanged": 287
    },
    "seed_sei_seed13_baseline": {
      "language": "sei",
      "n_examples": 452,
      "token_f1_before": 0.5395734651213703,
      "token_f1_after": 0.5395734651213703,
      "token_f1_delta": 0.0,
      "boundary_f1_before": 0.4786950833477689,
      "boundary_f1_after": 0.4786950833477689,
      "boundary_f1_delta": 0.0,
      "n_improved": 0,
      "n_regressed": 0,
      "n_unchanged": 452
    },
    "joint_upsampled_on_sei": {
      "language": "sei",
      "n_examples": 452,
      "token_f1_before": 0.4520164266779848,
      "token_f1_after": 0.45596219792978365,
      "token_f1_delta": 0.003945771251798846,
      "boundary_f1_before": 0.42858007784906355,
      "boundary_f1_after": 0.44242418070929235,
      "boundary_f1_delta": 0.013844102860228802,
      "n_improved": 93,
      "n_regressed": 77,
      "n_unchanged": 282
    },
    "seed_sei_seed42_baseline": {
      "language": "sei",
      "n_examples": 452,
      "token_f1_before": 0.5147730143169406,
      "token_f1_after": 0.5147730143169406,
      "token_f1_delta": 0.0,
      "boundary_f1_before": 0.4612848319537663,
      "boundary_f1_after": 0.4612848319537663,
      "boundary_f1_delta": 0.0,
      "n_improved": 0,
      "n_regressed": 0,
      "n_unchanged": 452
    },
    "joint_adapter_on_ncx": {
      "language": "ncx",
      "n_examples": 345,
      "token_f1_before": 0.49644451654716953,
      "token_f1_after": 0.5166746556642792,
      "token_f1_delta": 0.020230139117109636,
      "boundary_f1_before": 0.5404469457545242,
      "boundary_f1_after": 0.5740543788383335,
      "boundary_f1_delta": 0.03360743308380931,
      "n_improved": 69,
      "n_regressed": 49,
      "n_unchanged": 227
    },
    "seed_ncx_seed13_baseline": {
      "language": "ncx",
      "n_examples": 345,
      "token_f1_before": 0.5784665178938503,
      "token_f1_after": 0.5784665178938503,
      "token_f1_delta": 0.0,
      "boundary_f1_before": 0.6124025153590371,
      "boundary_f1_after": 0.6124025153590371,
      "boundary_f1_delta": 0.0,
      "n_improved": 0,
      "n_regressed": 0,
      "n_unchanged": 345
    }
  },
  "existing": {
    "min": {
      "joint_adapter_on_sei_metrics": {
        "adapter": "/part/01/Tmp/soobenve/min_experiments/joint_adapter/adapter",
        "language": "sei",
        "wer": 0.6325855093784479,
        "cer": 0.18704111600587373,
        "clips": 452
      },
      "joint_adapter_on_sei_sweep": {
        "language": "sei",
        "tokens_file": "/part/01/Tmp/soobenve/min_experiments/evals/joint_adapter_on_sei/test_tokens.jsonl",
        "vocab_size": 1886,
        "baseline_wer": 0.6325855093784479,
        "baseline_cer": 0.16494991830645733,
        "max_edit_dist": 2,
        "sweep": [
          {
            "threshold": 0.0,
            "wer_before": 0.6325855093784479,
            "wer_after": 0.6325855093784479,
            "wer_delta": 0.0,
            "cer_before": 0.16494991830645733,
            "cer_after": 0.16494991830645733,
            "cer_delta": 0.0,
            "n_candidates": 0,
            "n_words": 2649,
            "n_rewritten": 0
          },
          {
            "threshold": 0.3,
            "wer_before": 0.6325855093784479,
            "wer_after": 0.6289076866495035,
            "wer_delta": -0.0036778227289444576,
            "cer_before": 0.16494991830645733,
            "cer_after": 0.16963841727640833,
            "cer_delta": 0.004688498969950994,
            "n_candidates": 212,
            "n_words": 2649,
            "n_rewritten": 105
          },
          {
            "threshold": 0.5,
            "wer_before": 0.6325855093784479,
            "wer_after": 0.6200809121000368,
            "wer_delta": -0.012504597278411134,
            "cer_before": 0.16494991830645733,
            "cer_after": 0.18256730837536406,
            "cer_delta": 0.017617390068906724,
            "n_candidates": 738,
            "n_words": 2649,