run,language,seed,test_wer,test_cer,epoch
ncx_seed13,ncx,13,0.5479651162790697,0.13593650214396497,10.0
ncx_seed42,ncx,42,0.5436046511627907,0.13675759510993524,10.0
sei_seed13,sei,13,0.5450533284295697,0.15222711698482624,10.0
sei_seed42,sei,42,0.5671202648032365,0.16268967205090554,10.0
